{
    "epochs": [
        0,
        1,
        2,
        3,
        4,
        5,
        6,
        7,
        8,
        9
    ],
    "losess": [
        11.253089904785156,
        5.517068386077881,
        5.219789505004883,
        5.489748954772949,
        4.812103271484375,
        4.401580810546875,
        4.511640548706055,
        4.3222551345825195,
        4.518527984619141,
        5.1509294509887695
    ],
    "best_val": 4.156131744384766,
    "best_test": 4.3222551345825195,
    "best_epoch": 7
}