{
    "epochs": [
        0,
        1000
    ],
    "losess": [
        9.681857109069824,
        22.77077865600586
    ],
    "best_val": 9.683913230895996,
    "best_test": 9.681857109069824,
    "best_epoch": 0
}