{
    "epochs": [
        0,
        1000
    ],
    "losess": [
        6.276631832122803,
        15.86053466796875
    ],
    "best_val": 6.303189277648926,
    "best_test": 6.276631832122803,
    "best_epoch": 0
}