{
    "epochs": [
        0,
        1000
    ],
    "losess": [
        8.566762924194336,
        22.964614868164062
    ],
    "best_val": 8.032955169677734,
    "best_test": 8.566762924194336,
    "best_epoch": 0
}