{
    "epochs": [
        0
    ],
    "losess": [
        7.617311000823975
    ],
    "best_val": 7.572896480560303,
    "best_test": 7.617311000823975,
    "best_epoch": 0
}