{
    "epochs": [
        0,
        1000,
        2000,
        3000
    ],
    "losess": [
        10.622644424438477,
        24.685279846191406,
        49.47126007080078,
        81.74813079833984
    ],
    "best_val": 10.63329792022705,
    "best_test": 10.622644424438477,
    "best_epoch": 0
}