{
    "epochs": [
        0
    ],
    "losess": [
        10.983154296875
    ],
    "best_val": 11.250956535339355,
    "best_test": 10.983154296875,
    "best_epoch": 0
}