{
    "epochs": [
        0
    ],
    "losess": [
        9.069048881530762
    ],
    "best_val": 9.625225067138672,
    "best_test": 9.069048881530762,
    "best_epoch": 0
}